{
  "scopeName": "source.evo",
  "fileTypes": ["evo"],
  "patterns": [
    {
      "include": "#php-tags"
    },
    {
      "include": "#evo-syntax"
    },
    {
      "include": "#javascript"
    },
    {
      "include": "#html"
    }
  ],
  "repository": {
    "php-tags": {
      "patterns": [
        {
          "name": "meta.embedded.block.php",
          "begin": "(<\\?)(php)",
          "beginCaptures": {
            "1": {
              "name": "punctuation.definition.tag.php"
            },
            "2": {
              "name": "entity.name.tag.php"
            }
          },
          "end": "(\\?>)",
          "endCaptures": {
            "1": {
              "name": "punctuation.definition.tag.php"
            }
          },
          "contentName": "source.php.embedded.html"
        }
      ]
    },
    "evo-syntax": {
      "patterns": [
        {
          "name": "keyword.control.evo",
          "match": "\\bevo:(var|func|class|if|for|while|out|include|share|call|jsfunc|phpfunc|auto|jsvar|jsclass|async|promise|export|import|react|vue|tailwind|node|jquery|bootstrap)\\b"
        },
        {
          "name": "comment.line.evo",
          "match": "evo://.*$"
        },
        {
          "name": "comment.block.evo",
          "begin": "evo:/\\*",
          "end": "\\*/"
        }
      ]
    },
    "javascript": {
      "patterns": [
        {
          "name": "meta.embedded.block.javascript",
          "begin": "(<)(script)([^>]*)(>)",
          "beginCaptures": {
            "1": {
              "name": "punctuation.definition.tag.html"
            },
            "2": {
              "name": "entity.name.tag.script.html"
            },
            "3": {
              "name": "entity.other.attribute-name.html"
            },
            "4": {
              "name": "punctuation.definition.tag.html"
            }
          },
          "end": "(</)(script)(>)",
          "endCaptures": {
            "1": {
              "name": "punctuation.definition.tag.html"
            },
            "2": {
              "name": "entity.name.tag.script.html"
            },
            "3": {
              "name": "punctuation.definition.tag.html"
            }
          },
          "contentName": "source.js.embedded.html"
        }
      ]
    },
    "html": {
      "patterns": [
        {
          "name": "meta.embedded.block.html",
          "begin": "<!DOCTYPE",
          "end": ">",
          "contentName": "text.html.doctype"
        },
        {
          "name": "meta.tag.html",
          "begin": "(<)([a-zA-Z0-9:-]+)",
          "beginCaptures": {
            "1": {
              "name": "punctuation.definition.tag.html"
            },
            "2": {
              "name": "entity.name.tag.html"
            }
          },
          "end": "(>)",
          "endCaptures": {
            "1": {
              "name": "punctuation.definition.tag.html"
            }
          }
        }
      ]
    }
  }
}

