{
  "iconDefinitions": {
    "evo-file": {
      "iconPath": "./evologo.png"
    },
    "evo-file-dark": {
      "iconPath": "./evologo.png"
    }
  },
  "fileExtensions": {
    "evo": "evo-file"
  },
  "fileNames": {
    "*.evo": "evo-file"
  },
  "languageIds": {
    "evo": "evo-file"
  },
  "light": {
    "fileExtensions": {
      "evo": "evo-file"
    },
    "fileNames": {
      "*.evo": "evo-file"
    },
    "languageIds": {
      "evo": "evo-file"
    }
  },
  "dark": {
    "fileExtensions": {
      "evo": "evo-file-dark"
    },
    "fileNames": {
      "*.evo": "evo-file-dark"
    },
    "languageIds": {
      "evo": "evo-file-dark"
    }
  }
}
