{
  "EVO Variable": {
    "prefix": "evo:var",
    "body": [
      "evo:var ${1:variableName} = ${2:value};"
    ],
    "description": "Create an EVO variable"
  },
  "EVO Function": {
    "prefix": "evo:func",
    "body": [
      "evo:func ${1:functionName}(${2:parameters}) {",
      "\t${3:// function body}",
      "}"
    ],
    "description": "Create an EVO function"
  },
  "EVO Class": {
    "prefix": "evo:class",
    "body": [
      "evo:class ${1:ClassName} {",
      "\t${2:// class body}",
      "}"
    ],
    "description": "Create an EVO class"
  },
  "EVO If Statement": {
    "prefix": "evo:if",
    "body": [
      "evo:if (${1:condition}) {",
      "\t${2:// code}",
      "}"
    ],
    "description": "Create an EVO if statement"
  },
  "EVO For Loop": {
    "prefix": "evo:for",
    "body": [
      "evo:for ${1:item} in ${2:array} {",
      "\t${3:// loop body}",
      "}"
    ],
    "description": "Create an EVO for loop"
  },
  "EVO Output": {
    "prefix": "evo:out",
    "body": [
      "evo:out ${1:expression};"
    ],
    "description": "Output with EVO"
  },
  "EVO Share": {
    "prefix": "evo:share",
    "body": [
      "evo:share ${1:variableName};"
    ],
    "description": "Share PHP variable with JavaScript"
  },
  "EVO JavaScript Function": {
    "prefix": "evo:jsfunc",
    "body": [
      "evo:jsfunc ${1:functionName}(${2:parameters}) {",
      "\t${3:// JavaScript function body}",
      "}"
    ],
    "description": "Create a JavaScript function in EVO"
  },
  "EVO PHP Function": {
    "prefix": "evo:phpfunc",
    "body": [
      "evo:phpfunc ${1:functionName}(${2:parameters}) {",
      "\t${3:// PHP function body}",
      "}"
    ],
    "description": "Create a PHP function in EVO"
  },
  "EVO Auto Bridge": {
    "prefix": "evo:auto",
    "body": [
      "evo:auto ${1:variableName};"
    ],
    "description": "Auto-bridge PHP variable to JavaScript"
  },
  "EVO React Component": {
    "prefix": "evo:react",
    "body": [
      "evo:react ${1:ComponentName}(${2:props}) {",
      "\treturn (",
      "\t\t<div>",
      "\t\t\t${3:// JSX content}",
      "\t\t</div>",
      "\t);",
      "}"
    ],
    "description": "Create a React component in EVO"
  },
  "EVO Vue Component": {
    "prefix": "evo:vue",
    "body": [
      "evo:vue ${1:ComponentName} {",
      "\ttemplate: '${2:<div></div>}',",
      "\tdata() {",
      "\t\treturn {",
      "\t\t\t${3:// data properties}",
      "\t\t};",
      "\t}",
      "}"
    ],
    "description": "Create a Vue component in EVO"
  },
  "EVO Tailwind": {
    "prefix": "evo:tailwind",
    "body": [
      "evo:tailwind ${1:className}"
    ],
    "description": "Use Tailwind CSS in EVO"
  },
  "EVO Node.js": {
    "prefix": "evo:node",
    "body": [
      "evo:node ${1:moduleName}"
    ],
    "description": "Use Node.js module in EVO"
  },
  "EVO jQuery": {
    "prefix": "evo:jquery",
    "body": [
      "evo:jquery ${1:selector}"
    ],
    "description": "Use jQuery in EVO"
  },
  "EVO Bootstrap": {
    "prefix": "evo:bootstrap",
    "body": [
      "evo:bootstrap ${1:componentName}"
    ],
    "description": "Use Bootstrap in EVO"
  }
}

