{
  "comments": {
    "lineComment": "evo://",
    "blockComment": ["evo:/*", "*/"]
  },
  "brackets": [
    ["{", "}"],
    ["[", "]"],
    ["(", ")"],
    ["<", ">"]
  ],
  "autoClosingPairs": [
    ["{", "}"],
    ["[", "]"],
    ["(", ")"],
    ["<", ">"],
    ["\"", "\""],
    ["'", "'"]
  ],
  "surroundingPairs": [
    ["{", "}"],
    ["[", "]"],
    ["(", ")"],
    ["<", ">"],
    ["\"", "\""],
    ["'", "'"]
  ],
  "folding": {
    "markers": {
      "start": "^\\s*evo:/*\\s*#?region\\b.*",
      "end": "^\\s*evo:/*\\s*#?endregion\\b.*"
    }
  },
  "wordPattern": "\\b[a-zA-Z_$][a-zA-Z0-9_$]*\\b",
  "indentationRules": {
    "increaseIndentPattern": "^\\s*(evo:(if|for|while|func|class|react|vue)\\b.*\\{|<script[^>]*>|<style[^>]*>|<div[^>]*>|<section[^>]*>|<article[^>]*>|<header[^>]*>|<footer[^>]*>|<nav[^>]*>|<main[^>]*>|<aside[^>]*>|<ul[^>]*>|<ol[^>]*>|<li[^>]*>|<table[^>]*>|<tr[^>]*>|<td[^>]*>|<th[^>]*>|<form[^>]*>|<fieldset[^>]*>|<legend[^>]*>|<details[^>]*>|<summary[^>]*>|<blockquote[^>]*>|<pre[^>]*>|<code[^>]*>|<kbd[^>]*>|<samp[^>]*>|<var[^>]*>|<mark[^>]*>|<time[^>]*>|<meter[^>]*>|<progress[^>]*>|<output[^>]*>|<canvas[^>]*>|<svg[^>]*>|<math[^>]*>|<iframe[^>]*>|<object[^>]*>|<embed[^>]*>|<video[^>]*>|<audio[^>]*>|<source[^>]*>|<track[^>]*>|<map[^>]*>|<area[^>]*>|<base[^>]*>|<link[^>]*>|<meta[^>]*>|<title[^>]*>|<head[^>]*>|<body[^>]*>|<html[^>]*>).*$",
    "decreaseIndentPattern": "^\\s*(\\}|</script>|</style>|</div>|</section>|</article>|</header>|</footer>|</nav>|</main>|</aside>|</ul>|</ol>|</li>|</table>|</tr>|</td>|</th>|</form>|</fieldset>|</legend>|</details>|</summary>|</blockquote>|</pre>|</code>|</kbd>|</samp>|</var>|</mark>|</time>|</meter>|</progress>|</output>|</canvas>|</svg>|</math>|</iframe>|</object>|</embed>|</video>|</audio>|</source>|</track>|</map>|</area>|</base>|</link>|</meta>|</title>|</head>|</body>|</html>).*$"
  }
}

